grey throw pillow,,
silver hoop earrings,,
grey and black plaid crew neck cap sleeve shirt with bows,,
brown wooden crib,,
grey and white striped long sleeve shirt,,
john barron mig-piloten,,
women's red spaghetti strap dress with crochet neckline,,
pink tree and bear design onesie bib,,
white pearl diamond silver heart pendant,,
amethyst and diamond silver hoop earrings,,
toto album cover,,
white gray and black stripe knit jacket,,
white iphone 6 plus,,iphone 6 plus
black face powder,,
modern talking let's talk about love album,,
black leather shoulder bag,,
beige textile,,
yellow teal and heather gray horizontal stripe hummel crew neck t shirt,hummel,
women's black skirt,,
men's black denim jeans,,
ps4 pes 2014 pro evolution soccer,,ps4
steel glass coffee pot,,
red and white puma crew neck shirt,puma,
whtie beefeater gin ceramic pitcher,,
black comb hair decorations with black puffs,,
new apple earbuds,apple,
women's green v neck 3/4 sleeve shirt with lace floral back,,
brown leather boots stilettos,,
white and black adidas slide on slippers,adidas,
anime characters,,
brown woven hat,,
white ipad,,ipad
brown leather handbag,,
navy blue and white 48 long sleeved cropped women's divided shirt,,
red floating vest,,
women's gray long sleeved scoop neck heart embellished dress,,
purple organizer including matching key ring,,
brown finger board skate ramp,,
batforeren logo,,
women's black tulip maxi skirt,,
little feat dixie chicken,,
l l bean brown zip front jacket,,
pink and white varsity style floral letter kids' hooded knit jacket,,
blue pink yellow and white floral and peace wooden 3 layered drawer,,
black  metal mesh thong stuart weitzman sandals,stuart weitzman,
white remote control,,
black polaroid wayfarer sunglasses,polaroid,
navy blue leather wallet zip around,,
grey suede booties,,
green safety helmet,,
hello kitty print white long sleeve onesie jumper,,
brown pin and grey fish lure,,
grey and white full body hooded snow suit,,
green and white ski jacket,,
red sports bra,,
heather grey cardigan,,
white door curtain,,
white wooden door,,
baby's qant blue white stripe short-sleeve polo shirt onesie,,
et annet sted book,,
black and red nike skate shoes,nike,
white and black black moms matter crew neck t shirt,,
black and grey multifunction steering wheel,,
blue and white 8 nike  40th anniversary shorts,nike,
black leather smart cover,,
silver loop bale pearl earring,,
women's blue flats with ribbon accent,,
white ceramic vase,,
blue button up tank top,,
blue and brown foot sculpture,,
black red and gray racing suit,,
johan galtung hitler isme stalin isme,,
beige leather flats with silver rhinestones,,
black nor freeski fitted cap,,nor freeski
blue converse hitops,converse ,
beige textile,,
white and grey container,,
zombies vs. unicorns book,,
black ipad,,ipad
quicky dry nail polish,,
beige button up collared sleeveless dress,,
lovely bear red blue yellow and white backpack,,
black sonic bomb tool,sonic bomb,
isa dora blush makeup,isa dora,
black debbath book,,
silver linked geneva round pave analog watch,geneva,
robots game and fifa 11 game,,fifa 11
black and white skull painting,,
black jvc flat screen tv,jvc ,
blue black white and red book,,
moderne mobler design gennem 150 ar,,
beige and brown pinstripe volcom blazer,volcom ,
black and white floral cocktail dress,,
brown wooden glass door,,
black blue red and yellow floral skirt,,
pastel blue dress shirt,,
women's blue zip up jacket,,
red polo by ralph lauren zip up jacket,ralph lauren,
grey and white legged glass table,,
golden woman mannequin,,
women'sblack blouse,,
men's black suit,,
white black stripe girls on top shirt,,
white and gray office rolling chair,,
baby's pink onesie long sleeved,,
black and gray nike leather high top sneakers,nike,
silver red and clear toy claw machine,,
white wooden table,,
ladies green sleeveless jersey front slit gown,,
purple and black zippered jacket kilmarock,,
red and pink athletic shoes,,
brown and black stripe wrap coat,,
black and pink sweat pants,,
one direction photo,,
pure hazel eyebrow,,
red and white reflective vest,,
yellow and purple los angeles lakers snapback cap,,
women's gray glitter bustier top,,
women's white and black polka dotted halter bikini top,,
white spaghetti strap blouse,,
women's beige platform stilettos,,
black eyelashes,,
white and blue yacht,,
green and blue lace up running shoe,,
getting yes negotiating an agreement without giving in by roger fisher and william ury,,
brown and white wooden chair,,
just dance wii game,,wii 
grey pouch,,
red toms slip on canvas shoes,toms,
007 thunderball james bond,,
black and silver girl-it mascara,girl-it,
white blue and grey zip up jacket with patches,,
black leather pouch,,
peace sign white blue yellow and red round medallion,,
grey and black stripe zip up jacket,,
white zip up jacket,,
halo anniversary xbox 360 video game,,xbox 360
pink timberland hiking sandals,timberland,
white sweater,,
baby's beige onesies,,
black sony playstation,sony,playstation
black leather zippered handbag,,
black ankle strap peep toe heeled sandals,,
white tray rack,,
black scoop neck rompers,,
anne rice interview with the vampire book,,
white leather handbag with silver metal handle frame turnlock small design,,
grey lex ing ton square throw pillow,,
212 carolina herrera perfume,carolina herrera,212
anonym kongepudler book,,
brown black beige animal zip-up shorts,,
gold saxophone,,
black remote,,
blue denim daisy dukes,,
heather grey sweater,,
gray and black electric grill,,
black leather handbag,,
women's yellow brown and black scoop neck short sleeve dress,,
women's blue denim shorts,,
black high heel ankle hoot,,
black samsung galaxy s 5,samsung ,galaxy s 5
black leather coin purse,,
resilies box,,
black and red floral platform stilettos,,
bruce springteen tunnel of love,,
white athletic shoes,,
gray cushion couch,,
beige and pink reebok crew neck t shirt,reebok,
white nintendo ds,nintendo,ds
red braided crew neck sweater,,
brown black and pink plaid clamshell eyeglasses case,,
batforerproven i teori og praksis book,,
grey and blue plaid shorts,,
women's black bathing suit,,
black zip long puffer jacket with brown fur hood trim,,
cath kidston red and white polka dot pouch,cath kidston,
granlund stay the night album,,
pink iphone 5c,,iphone 5c
black grey better bodies pants,,
space gray iphone 5s,,iphone 5s
gucci eau de parfum II,gucci ,eau de parfum II
gray crt tv,,
beige l shape sofa,,
black and gray show,,
black and gray knapsack,,
red iphone case,,
lack and stainless steel yale door handle lever,,
pink birthday calendar,,
black tank dress,,
silver and white animal tooth pendant necklace,,
green string bra,,
black and white bell,,
philip kotler markedsforingsledelse,,
blue new york rangers cap,,
red abercrombie zipped hoodie,,
white leather tote bag,,
black condor 5010,condor,5010
brown wooden oval dining table,,
women's white and silver sandals,,
silver and diamond round dolce & gabbana analog watch,dolce & gabbana,
white floral lace spaghetti strap shirt,,
black iphone 6,,iphone 6
pink and white polka dot jacket,,
brown leather shoulder bag,,
women's white green and red floral dress,,
white lace sleeveless blouse,,
wall mounted square mirror,,
black n4y make up kit,n4y,
chanel black leather tote bag,chanel,
purple checkered rain coat,,
dkny red delicious perfume,dkny,
black leather lacoste jacket,lacoste,
baby's white rabbit long sleeve shirt,,
women's black pants,,
women's red and orange spaghetti strap mini dress,,
romstofftid 1,,
code lock unit,code lock,
sheena easton box,,
harald brandit odd t hushovd kjemi 2,,
grey and black pioneer stereo,pioneer,
white fur vest,,
black and grey baby stroller,,
brown mushrooms figurine,,
clear glass perfume bottle,,
maxi single 45rpm,,
black electric wire,,
white and black tribal sweater,,
blue superman hoodie,,
black yellow red shirt,,
black electronic cable,,
leopard print rubber flip flops,,
gray and white boots,,
gray sweat shirt,,
yellow and black pineapple smartphone case,,
blue and white hilfiger zippered hoodie,,
black plastic frame,,
white us rl rescue patrol polo shirt,polo ,
solo iskald,,solo
clear psp cas,,
white spaghetti strap dress,,
red and black & crew neck shirt,,
purple skirt,,
white headset,,
jensen scandinavia box,jensen,
blue red and black palm tree tank top,,
white silver wristwatch,,
black speaker,,
gray zip up chunky heeled booties,,
white and black rod,,
brown leather jacket,,
baby's gray and black car seat,,
black non stick square pan,,
black sony dslr camera,sony ,dslr 
black sony flat screen computer monitor,sony,
brown bear plush toy,,
bookends simon & garfunkel,,
purple brown and black floral  skirt,,
white clothes dryer,,
brown wooden cabin,,
grey and brown cardigan,,
pores no more pore effect cream jar,pore effect,pores no more
black and white polka dot tank top mini dress,,
black and white textile,,
pink celfie shirt,,
white and gold marc jacobs bangle,marc jacobs,
gray white and black jacket,,
white flats,,
sony playstation 3 game console,sony,playstation 3
blue plastic barrel with lid,,
beige button up collared long sleeve shirt,,
black and brown fur collar leather zip up jacket,,
black michael jackson vinyl record analog round clock,,
britney spears music album,,
black fitted cap,,
steel pole fireplace instrument holder,,
grey wing black pants,,
grey plaid suit,,
baby's orange crib,,
blue plastic boat,,
brown framed sunglasses,,
black microwave oven,,
red green blue orange and black clutch,,
black and white striped scoop neck sweatshirt,,
beige tank dress,,
white v neck 3/4 length sleeve shirt,,
black plastic trash bag,,
brown wooden rectangular coffee table,,
black and red spyke jacket,,
women's gray and black tube dress,,
black classic coupe,,
blue and yellow bicycle,,
orange and pink polo ralph lauren socks,ralph lauren,
black and gold framed clubmaster sunglasses,,clubmaster
brown wooden park bench,,
brown black and white salomon high top shoes,,
women's gold pink clear and blue butterfly earring,,
women's silver leather versace stiletto strappy heel sling back shoes with medallion,versace,
black suede lita boots,,
minica lien sott og sunt pamphlet,,
hemingway kene ger deg book,,
black short sleeve nike shirt,nike,
black blazer,,
black cardigan,,
grey amazon flash drive,amazon,
black blazer,,
brown and black ff handbag,ff,
blue suplice jumpsuit,,
clear brown and grey plastic drawers,,
macbook pro,,macbook pro
silver iphone 6,,iphone 6
white rectangular coffee table,,
grey and black floral crew neck t shirt,,
black and silver ugg boots,,
black skull with gold crown earrings,,
silver link bracelet white breitling round chronograph watch,breitling,
blue denim jacket,,
black and red microphone,,
men's black grey leather boots,,
women's gray stiletto booties,,
pink sony digital mp3 player,sony,
men's white dress shirt,,
gray and black cordless computer mouse,,
cream leather sofa sectional,,
purple and black stripe hoodie,,
silver heart accessories,,
beige and black nyc crew neck sweatshirt,,
black and gray treadmill,,
gray red and white plaid scoop neck t shirt dress,,
black and white and gray oxygen 25 piano keyboard,oxygen 25,
red pointed skateboard,,
women's light blue strapless sweetheart neck beaded bodice gown dress,,
men's black and silver leather folklore bunadsko dress shoe,,
peach textile,,
abba band,,
women's strapless black cotton dress,,
purple tube top tulip dress,,
blue glass heart shape necklace pendant on black leather cord,,
white high top athletic shoe nike,nike,
orange and gold hermes bangle,,
women's black brassiere with gold studs,,
gray and white pinstripe button up collared shirt,,
black corded computer mouse,,
gray wall paint,,
blue teddy bear bathrobe,,
grey sequin long dress,,
black ray ban clubmaster sunglasses,ray ban,clubmaster
black iphone 4,,iphone 4
silver and red bicycle,,
alphaville forever young,,
white iphone 6,,iphone 6
black wooden shelf,,
red spaghetti strap long dress,,
men's gold silver and black strap round huelot chronograph watch,huelot,
black pants,,
black zip cropped leather moto fur trim hood and sleeves jacket,,
romstofftid 1 fysikk 1 book,,
blue off shoulder dress,,
gold and black paint design on grey cloudy background painting,,
orange jacket with hood,,
white gray blue and green nike jordan basketball shoes,jordan,
women's blue and white ribbon jumpsuit,,
nintendo gamecube starfox advebntures,nintendo,
exphill II tekster i etikk,,
womens white long sleeve blouse with green leaves design,,
coral nylon zip rain jacket,,
women's white floral lacy sleeveless top,,
white and red electronic device,,
silver heart new bridge stud earrings,,
purple denim jeans,,
blue and white stripe button up,,
grey and black stainless steel fruit juicer,,
kjell askildsen et stort ode landskap,,
blue nikon coolpix digital camera,nikon,coolpix
black oval base bucket,,
women's violet pink green and black tribal print tube dress,,
blue button up shirt with pocket,,
james salter last night,,
gray sniper rifle scope,,
brown knee high boots,,
yellow white analog watch,,
red zip up hoodie,,
black and brown zebra and leopard print sleeveless boat neck chiffon dress,,
black flat screen tv,,
black and gray coat,,
matrix dvd,,
women's white lace half sleeve long shift dress with black ribbon collar,,
white and yellow floral a line mini skirt,,
gucci black flats with bamboo decoration on toes,gucci,
women's white sheer long sleeve top,,
red and black coat,,
pink and gray lampshade,,
black scoop neck sweater,,
women's black bianco pumps with bow accent,bianco,
black and green hardtail mountain bicycle,,
black lg smartphone,lg,
gray black and white owl sketch,,
grey palazzo pants,,
brown fleece zip up  berber hoodie jacket,,
grey metal vents,,
brown leather tote bag with tassel cargo front pockets,,
green suede pump,,
gray and white long sleeve collared button down shirt,,
bob dylan infidels,,
clear glass bottle,,
red orange and blue paisley textile,,
culture club kissing to beclever poster,,
purple pleated mini skirt,,
black and grey baby bjorn bouncer,baby bjorn,
baby's blue and white checked polo shirt,,
red suede wedge high top sneakers,,
black and grey plastic pad,,
macbook pro,,macbook pro
clear glass and stainless steel contradiction perfume bottle,,
women's white combat boots size us 7 doc martens,doc martens,
black samsung flat screen television,samsung ,
brown animal figure,,
black pleated a line mini skirt,,
gray pillow,,
brown leather jacket,,
white gray and purple mesh nike running shoes,,nike
white toilet paper roll,,
red and black checked hollister dress shirt,,
gray iphone 6,,iphone 6
black chunky heeled boots,,
white ralph lauren polo shirt,ralph lauren,
white table,,
michael jackson wall clock,,
high flow air filter,,
white and black zebra duffy slide sandals,duffy,
yellow christmas light strand,,
white henley long sleeved shirt,,
black cyrus one media player,cyrus ,
women's gray sweater,,
baby's gray and blue one sie,,
green long sleeve henley shirt,,henley 
red v neck blouse,,
gray shorts,,
diamond and silver heart watch necklace pendant,,
diamond marine link dangle earrings,,
blue denim jeans,,
house the only way out is in book,,
silver framed hippie sunglasses,,
vitahult white plastic samsung galaxy s3 case,,vitahult
jo nesbe blod pa sno book,,
black and gray laptop computer,,
blue button up jacket,,
black michael kors leather shoulder bag,michael kors,
black suede lace up tan stacked heel platform bottom ankle boots,,
purple satin spaghetti strap tiered long dress,,
green fur coat,,
beige cushion couch,,
black snap clip hair barrette,,
gray and white leather bag,,
gunter grass blikktrommen roman,,
eternity calvin klein perfume,calvin klein,
red black and white zip up jacket,,
white samsung galaxy s2,samsung,galaxy s2
black pioneer deh-3300ub,pioneer,deh-3300ub
women's gray shoulder bag,,
four chain gold hair piece,,
var misnoyes vinter john steinbeck,,
white xobx360 game console,,xobx360 
brown knit sweater with pockets,,
brown floral lace long sleeved crew neck shirt,,
white rectangular table,,
black blazer,,
women's balck knee high high heeled boots,,
call of juarez bound in blood ubisoft playstation 3 game,,
blue new york rangers baseball cap,,
white and black wooden shelf,,
white lace wedding dress with button back,,
beige gray and black v neck 3/4 length sleeve shirt,,
pink and white checkered jacket with hood,,
black white and red floral v neck long sleeved mini dress,,
black and white vox luggage,vox,
boxing sandbag,,
maroon button up long sleeve shirt,,maroon 
gray padded brown armchair,,
camilla lackberg tyskerungen,,
black focus binoculars,focus,
white and black long sleeve dress,,
blue and red lens heart sunglasses,,
beige vanity bag,,
gray black and white nike air max,nike ,air max
lime green blue and white nike mesh running shoes,nike,
red yellow and green plaid long sleeve button down shirt,,
white and blue baot,,
blue and purple maze crew neck t shirt,,
grey uggs boots,,
gray sneakers,,
men's white dress shirt,,
norweigan wood,,
stainless steel round cylindrical trash bin,,
women's black sparkle velvet sequin spray sleeveless short dress,,
black and white ombre spaghetti strap maxi dress,,
women's black and silver sleeveless dress,,
yellow high-top gold dust embellished shoes,,
black suit,,
sexy mama the balm case,,
gray hello kitty crew neck t-shirt,,
black leather exibel flip case,exibel,
red and white floral v neck long sleeved shirt,,
black and white converse all star high top sneakers,converse,all star
white floral textile,,
women's white tube dress,,
women's red spaghetti strap dress,,
pink jacket,,
white iphone 5s,,iphone 5s
lars mytting book,,
white v neck tank top,,
black red and white converse all star high top sneakers,converse ,all star
brown wooden stool chair,,
green indoor potted plant,,
gray mercedes benz ml 280 cdi,mercedes benz,ml 280 cdi
orange button up shirt,,
black dress shirt,,
dark gray and white striped dress shirt,,
mr.mister welcome to the real world,,
grey black casio desktop calculator,casio,
women's brown leather cutout low wedge peep toe foldover cuff sandals,,
wood 2 drawer nightstand,,
white and gray floral short sleeved shirt dress,,
tore renberg farmor har kabel-tv videogutten romaner,,
red scarf,,
green and yellow nike basketball sneakers,nike,
orange buttondown,,
black zipped jacket,,
gray and black kenzo paris crew neck t shirt,,
pink skirt,,
white lace and black v neck tank dress,,
silver ring,,
pink red beige and green plaid sneakers,,
white and black keyhole long sleeved shirt,,
heather gray crew neck sweatshirt,,
white and blue checkerd button down shirt,,
white telephone wire,,
gray new york rangers fitted cap,,
black formal coat,,
blue lace floral cap sleeve mini dress,,
1964 book,,
white brown and green pineapple iphone case,,
white green and pink roses white crew neck t-shirt,,
brown wooden chair,,
atlantic special limited edition foreigner stereo two i need you cd,,
black havaianas rubber flip flops,havaianas ,
black v neck spaghetti strap tank top,,
women's silver stilettos,,
white and green stripe pull up hoodie,,
havard syvertsen i lyset,,
silver metal cup,,
brown zip up long sleeved shirt,,
gray cushion couch,,
black suit,,
red all star converse high top sneakers,converse ,all star
gray automotive tire,,
black metal digital combination door lock,,
brown wooden dining table,,
emergin c red carpet primer 30 ml soft tube,,
brown leather oxford shoes,oxford ,
grey and white stripes,,
gray throw pillow,,
gray and white pinstripe dress shirt,,
red and blue crew neck shirt,,
black long sleeve dress shirt,,
black and silver leather boots,,
black leather brogue shoes,,
white pearl pendant gold chain linked necklace,,
white wii sports game console,,
women's white ankle platform chunky heeled sandal,,
one in a minion  white shirt,,
black and white brooklyn lettering neckline cropped long sleeve shirt,,
menneske natur og samfunn print,,
women's orange platform stilettos,,
brown michael kors rectangular zipped wallet,michael kors,
brown buttondown,,
brown wood and clear glass kitchen cabinets,,
black knife pouch,,
women's grey bubble zip up jacket with hood,,
women's silver and black flats,,
women's gray top,,
black and grey ads stereo speaker,ads ,
silver and black ring,,
pink and black snap leather clutch,,
blue denim button up long sleeve shirt,,
black crew neck long sleeved flutter shirt,,
black leather jacket with silver accent,,
white sugar container,,
women's gold and black sequin spaghetti strap mini dress,,
red marmot zip up jacket,marmot ,
purple and pastel blue suede puma sneakers,puma,
black and blue adda flip flops,adda,
brown wooden table,,
white red and blue new york rangers baseball cap,,
brown metal gear tube,,
white and pink overalls,,
grey and orange jacket,,
sinus matematikk r1,,
amethyst gold angel earring,,
blue and gray automatic scooter,,
women's yellow black and white roger viuxier wedge sling back sandals,roger viuxier,
blue hard tail bicycle,,
toddler's white ankle strap flats,,
anonym kinderegg-effekten,,
blue and white stripe bow tie,,
blue denim jacket,,
black blue pink and yellow love round analog watch,,
white round speaker,,
red cardigan,,
black and silver chunky heeled zip up booties,,
black and white skull handle,,
the watching hour book,,
black and green nike smartphone armband,nike,
the queen's men disc,,
black and grey tank maxi dress,,
white rectangular power bank,,
gold necklace with diamond clustered tear drop pendant,,
black athletic shoes leather,,
white throw pillow,,
women's pink and black floral pants,,
brown mulberry pouch,mulberry,
women's black m blouse,,
purple scoop neck long sleeved shirt,,
white stove top oven,,
per olov enquist kaptein nemos bibliotek,,
kalkulus tom lindstrom,,
brown wooden table,,
black silver bow ballet flat shoe,,
grey chunky heeled booties,,
gray jacket,,
chili edge print yellow plates bowls and party tray set,,
white pearl chunky necklace,,
the long tail book,,
clear glass dolce and gabbana dose the one perfume bottle,dolce and gabbana,
purple cubus jacket,cubus,
blue and white striped polo shirt,,
black white and grey coat,,
men's black zip up moto mandarin collar jacket,,
brown and beige leather crocodile skin patterned chunk heeled sandals,,
white windbreaker,,
maroon doc martens,doc martens,
white wooden shelf,,
black and white nescafe dolce gusto delonghi coffee maker,delonghi,nescafe dolce gusto
brown white black leopard long sleeve mini dress,,
one direction up all night cd album,,
purple back pack,,
pink satin sleeveless layered dress,,
silver live the life you love disc pendant necklace,,
blue slippers,,
grey steel pipe,,
baby's gray and black stroller,,
pink gemstone silver stud earrings,,
grey and white plaid pouch,,
women's gray t shirt,,
white lace up mesh running shoes,,
navy blue and orange trim jumping dolphin polo shirt,,
yellow knit crew neck sweater,,
women's blue denim high waist pants,,
silver blue white purple and pink square makeup compact,,
grey coat,,
black leather jacket,,
brown leather chunky heeled platform,,
black panasonic hdc sd40 video camera,panasonic,hdc sd40
skyggegutten book,,
brown and black 4 drawer dresser,,
women's gray coat,,
white fur lined hat,,
black necktie,,
justin bieber,,
gray suit,,
deco devolution,,
black minivan,,
grey crew neck tee,,
brown wooden 4 drawers,,
women's white spaghetti strap sweetheart neckline a line wedding dress,,
carol lynch williams carolinas verden,,
women's pink short sleeved sheath dress,,
gray plastic highchair,,
white wooden arm chair with foot stool,,
blue and white tribal sweater,,
black brown and beige leopard iphone case,,iphone 
make up kit,,
black oven mitts,,
white gorenje stove,gorenje ,
black leather paris heel shoe,,
blue grey speckle folder,,
blue and white stripe necktie,,
white and blue floral ceramic mug,,
black leather belt,,
white jacket,,
blue brown and green suede dc shoes,dc,
brown ceramic flower vase,,
baby's ralph lauren white polo onesie,ralph lauren,
white fred perry zip up hoodie,fred perry,
purple hummel crew neck t shirt,,
ladies pink blue grey stripe dress,,
women's red spaghetti strap mini dress,,
black craft pants,,
nordisk kriminalkronike 2005 poster,,
maroon sequined zip up long sleeve shirt with chest pocket,,
black and grey heart decor,,
blue and purple adidas zipped jacket,adidas,
yellow eat my muffin tank top,,
pink and white zip up athletic shoes,,
brown leather shoulder bag,,
white and black vans slip on shoes,,
men's white tank top,,
black and grey camera tripod,,
karate do kyohan book,,
teal and silver ginatricot earrings,ginatricot,
grey white and yellow new york sweater,,
black leather shoulder bag,,
women's blue floral blouse,,
white puppy,,
tan butterflies and roses ipad case,,
black mesa/boogie amplified speaker,mesa/boogie,
brown wooden door,,
black denim jeans,,
black leather zip moto mandarin collar jacket,,
gray and brown antique cash register,,
black rifle gun,,
madden girl silver glittered sling back close toe shoes,madden girl,
black and white stars throw pillow,,
brown fur,,
brown wooden cabinet,,
black kyocera android smartphone,kyocera ,
black and gray wool jacket,,
black rubber tire,,
black textile,,
brown leather shoulder bag,,
red acme made camera case,acme made,
pink and white ralph lauren long sleeved collared mini skirt,ralph lauren,
ralph lauren red white and green sock pack,ralph lauren,
pretends the singles,,
women's xit black heel sandals,xit,
white and pink aztec onesie,,
gray audio amplifier,,
grey leather pouch,,
clear glass herbs container,,
silver strappy leather bianco heels,bianco,
grey and pink tribal bikini top,,
sorheim nesttun,,
women's black lace evening gown,,
grey and white gant sweater,gant,
pink purple and orange floral halter bikini top,,
black pink and orange floral tank top dress,,
white and black scarf,,
black tattered denim bottoms,,
gray and black print dress,,
rich girls will break your heart,,
women's gold flats,,
white nordica foot bath machine,nordica,
black leather cowboy hat,,
dark gray stroller,,
black makeup case,,
purple and yellow merrell athletic shoes,,
black leather work boots,,
black sequin v neck long sleeve mini dress,,
chocolate vanilla wafer cubes topped cake,,
louis vuitton brown two tone travel duffle purse,louis vuitton,
grey and silver boat neck sweatshirt,,
brown table lamp,,
gray and clear glass juicer,,
silver candelabra,,
bryan adams,,
white throw pillow,,
black metal framed red rattan woven lounger,,
black leather strap white analog watch,,
the long tail book,,
brown floral padded arm chair,,
pink scoop neck racer-back workout tank top,,
white plastic school chair with desk,,
white lace trimmed crew neck long sleeve dress,,
black logitech wireless home phone,logitech ,
gray high heel shoes,,
black skirt,,
white and grey floral tube dress,,
black kicker speaker,kicker ,
tears for fears songs for the big chair,,
midnight dare perfume bottle,,midnight dare
brown stiletto,,
red qatar airways nike crew neck t shirt,,
airport express 802.11n wifi,,airport express
gray and blue dirt bike,,
blue purple  blue galaxy platform t-strapheel,,
women's black blouse,,
black samsung flat screen tv,samsung ,
grey black and brown vinyl record player,vinyl ,
world of warcraft game cartridge,,
black leather barbour jacket,,
black and white vans low top sneaker,vans,
black zevs & hera boxershorts,zevs & hera,
black ryn low wedge air suede sandals,,
pink and white converse all star low top sneakers,converse,all star
white boat neck pullover,,
maroon crochet crew neck sweater,,maroon
tandberg huldra 10 am fm stereo receiver,tandberg ,huldra
michael jordan round wall clock,,
brown and beige long sleeved shirt,,
white table cloth,,
black and white horizontal stripe tank dress,,
grey fur toboggan,,
maroon lacoste polo shirt,lacoste,
brown knit beanie,,
women's white dress,,
women's gray tank top,,
brown and light brown cowboy boots,,
silver and gray earring,,
silver purple and brown paris heart shaped accessory,,
dkny gold watch,dkny ,
red pink and orange floral white square throw pillow,,
stainless steel mag wheel,,
black pants,,
black lace stripe crew neck long sleeve shirt,,
red condiment shaker,,
orange and gray xit 38 ankle strap sandals,xit,
pink long sleeved robe,,
white red and black specialized road bike,,
red peugeot 5 door hatchback,peugeot,
chrome mega 5 spoke car wheel,chrome ,mega 5
grey white and black slide sandals,,
black mini dress,,
blue yellow and grey hummel crew neck t shirt,hummel,
blue spaghetti strap mini dress,,
purple white and black adidas sneakers,adidas,
white wooden closet cabinet,,
women's light purple strapless silk bow belt evening gown,,
purple book,,
black samsung device,samsung ,
grey skirt with pockets,,
white blue and red everlast usa jersey,,
brown fur coat,,
gary moore corridors of power,,
white and gray stripe button up shirt,,
black coat,,
black laptop computer,,
black 3/4 length sleeve dress,,
borderlands 2 video game,,
brown leather work boots,,
purple white and black zip up uggs,,
black asus router,asus,
beige shorts,,
black and pink pants,,
glitter heeled shoes,,
arbok for gidbrandsdalen 1990 book,,
ullensaker book,,
ergobaby performance infant insert box,ergobaby,performance infant insert
black zip up booties,,
white and purple stratocaster,,
grey lace cardigan,,
citrine heart pendant silver necklace,,
guiness world records 2008 ned selvlysende effekter,,
women's white a line mini skirt,,
black pants with pocket,,
pink lace wardrobe dress,,
brown electric guitar,,
silver link bracelet black seiko chronograph analog watch,seiko,
black high heel platform bootie,,
ting om ibsen book,,
white and black sony android smartphone,sony ,
yellow and gray volvo excavator,volvo,
grey pinstriped suit,,
black love long sleeve dress,,
tan long sleeve top,,
blue round two plate,,
pink leather pumps,,
women's black tank dress,,
white plastic framed black lens wayfarer sunglasses,,
white and black tectrix exercising machine,tectrix ,
red flare tank dress,,
red and black jacket,,
black and gray peacock scarf,,
black high top boots,,
black hp laptop computer,hp,
beige leather side zip boots,,
black bath robe,,
women's pink 3/4 sleeved dress,,
black red and white dirt bike,,
white round leather handbag,,
silver and blue round breitling chronograph watch,breitling ,
beige v neck cable knit vest sweater,,
yellow and black nike mercurial cleats,nike ,mercurial 
arduino starter kit,arduino,
yellow coat,,
white crew neck t-shirt lol ur not a magcon boy lettering,,
til doden skiller all knight,,
black pants,,
black leather wedge tall gladiator sandals,,
grey sweater,,
red and white stripe phillies baseball jersey,,
dark blue leather oblong snap clutch wallet,,
black ceramic bowl,,
baby's beige red grey and white plaid short sleeved button down onesie,,
brown and yellow button up jacket,,
black leather tote bag,,
blue white pink and teal rabbits rectangular plastic,,
black patent leather platform pumps,,
black and white henri lloyd zip up jacket,henri lloyd,
blue denim jeans,,
grey wide screen crt tv,,
chrome 5 spokes car wheel,,
white stars blue denim purse wallet,,
grey and black de longhi nespresso coffee maker,de longhi,
boulevard de la mort dvd,,
grey and black tank top long dress,,
baby's white purple striped button up onesies,,
brown wooden cabinet,,
black cdn35 device,,cdn35
gray philips stereo component,philips,
gray blazer,,
fable 3 xbox 360 game,,xbox 360
beige loveseat,,
the body shop mango 60 ml,mango,
white beko top mount refrigerator,beko ,
white diamond and black enamel cat face pendant necklace,,
white wooden desk,,
white dress shirt,,
white and black stripe tank top,,
white and gray cross iphone case,,iphone
white filing cabinet,,
white and gold triwa falken round analog watch,triwa,falken
gray metal bunkbed,,
black bubble jacket,,
pink curtain,,
gray wooden furniture,,
pink elbow sleeved dress,,
grey and black cone desk lamp,,
pink and white girl's pajama pant,,
gold and pink heart with crown dangle earrings,,
black volvo car,volvo,
women's magenta halter top,,
white wooden shelving unit boxes,,
tan coach sandals,coach,
black handgun,,
women's low black leather wedge heel ankle bootie with silver spike accents,,
brown wooden rectangle table,,
black and white chanel espadrilles,chanel,
pink and gold bow smart case,,
red opel car,opel,
black cap sleeved long dress,,
grey and black ab king exercise equipment,ab king,
white beanie,,
men at work record,,
allure perfume bottle,allure ,
black gray and brown abstract painting,,
white electrolux washer,electrolux,
brown leather zara heeled peep toe pumps,zara,
white mini dress,,
brown leather mulberry pouch,,
purple krangelen book,,
white box fan,,
white dress shirt,,
blue and black long sleeved jacket,,
white bed linen,,
